url,title,meta_description
https://callmedley.com/blog/,Blog - Medley,"Latest HVAC and plumbing tips, news, and insights from Medley Heating, Air Conditioning & Plumbing. Expert advice for Dallas-Fort Worth homeowners."
https://callmedley.com/blog/5-essential-tips-to-get-your-home-ready-for-summ/,5 Essential Tips to Get Your Home Ready for Summer,"Summer is fast approaching, and with it comes the need to prepare your home for the hot and humid weather that is to come. Preparing..."
https://callmedley.com/blog/5-tips-to-extend-the-life-of-your-hvac-system-1/,5 Tips To Extend The Life Of Your HVAC System (& 1,"Your home’s HVAC (Heating, Ventilation and Air Conditioning) system runs ’round the clock, 24/7, all year long. You can’t expect it to last..."
https://callmedley.com/blog/a-homeowner-s-guide-to-getting-your-a-c-ready-fo/,A Homeowner’s Guide To Getting Your A/C Ready For ,"Even though it might be cold today, summer in Coppell, TX is coming. You may be ready for it, but is your air conditioner ready..."
https://callmedley.com/blog/a-medley-of-good-works-ways-to-give-back-around/,"A Medley Heating, Air Conditioning & Plumbing Of G",Medley Home Services wants to thank you for trusting us to provide you with the best in HVAC Services all year round. Thanksgiving season is...
https://callmedley.com/blog/a-tribute-to-cozy-beyond-furnace-tune-ups/,A Tribute To Cozy: Beyond Furnace Tune-Ups,"Okay fine, we’ll admit it. When it comes to giving thanks this season, your HVAC system, a tuned-up furnace and high-quality home insulation might not..."
https://callmedley.com/blog/ac-repair-101-common-issues-and-troubleshooting/,AC Repair 101: Common Issues and Troubleshooting T,"Troubleshooting Common AC Issues As the summer heat approaches, ensuring your AC unit is in top-notch condition becomes crucial. However, like any other appliance, air..."
https://callmedley.com/blog/can-your-hoa-impact-your-hvac/,Can Your HOA Impact Your HVAC?,"According to the Foundation for Community Association Research*, there are 355,000 home owner’s associations, or HOAs, from coast to coast, with 74.1 million..."
https://callmedley.com/blog/celebrate-dad-outside-then-come-home-to-cool-cle/,"Celebrate Dad Outside (Then Come Home To Cool, Cle","Happy Father’s Day, Lone Star State! As we celebrate the dads in our lives this June, it’s time to get out and do things that..."
https://callmedley.com/blog/celebrating-texans-a-love-letter-from-medley/,Celebrating Texans: A Love Letter From Medley Heat,"Happy Spring, Texas! (We’re lookin’ at you, Carrollton, Coppel, Lewisville, Farmers Branch, Plano, Flower Mound, Allen, Highland Village and Frisco.) It’s us again, Medley,..."
https://callmedley.com/blog/does-my-furnace-have-a-pilot-light/,Does My Furnace Have a Pilot Light?,"If you’ve ever owned a home with an older furnace, chances are you’ve noticed a small flame burning near the base. This is called a..."
https://callmedley.com/blog/ductless-mini-split-systems-the-future-of-air-co/,Essential Tips for Maximizing the Efficiency of Du,"Essential Tips for Maximizing the Efficiency of Ductless Mini-Split Systems If you’re searching for an efficient and versatile cooling solution, look no further..."
https://callmedley.com/blog/fall-foliage-fun-for-the-family/,Fall Foliage Fun For The Family,"Fall is upon us. Whereas the temps are still up there, Thursday September 22nd. is the official first day of Autumn. Check Out the Best..."
https://callmedley.com/blog/give-dad-the-gift-of-a-shorter-to-do-list-a-very/,Give Dad The Gift Of A Shorter To-Do List! A Very ,"Hello, Texas! Father Knows Best! And sure, while we’ve also heard great PR for the matriarchal side of things (and know the truth is probably..."
https://callmedley.com/blog/help-cool-moms-stay-cool/,Mother’s Day HVAC Tune-Up Specials | Medley,"A Very Medley Mother’s Day, all month long… May is Mother’s Day month (that’s right, the whole month. Dads, you’re up next!) and, as far..."
https://callmedley.com/blog/how-are-you-harming-your-home-s-indoor-air-quali/,How Are You Harming Your Home’s Indoor Air Quality,"When you think of the Environmental Protection Agency, you probably think of an agency that deals with pollution in the great outdoors. But as it..."
https://callmedley.com/blog/how-often-should-you-have-maintenance-done-to-yo/,How Often Should You Have Maintenance Done to Your,"When it comes to keeping your home cool and comfortable, your AC system plays a vital role. However, like any other mechanical equipment, it requires..."
https://callmedley.com/blog/how-to-prep-your-hvac-system-for-winter-in-texas/,How To Prep Your HVAC System For Winter In Texas,"Winter is one of the most high-risk times of year for HVAC systems for Texas homeowners. While the heavy winds, dry cold spells, and low..."
https://callmedley.com/blog/hvac-scares-to-keep-in-mind-this-halloween/,HVAC Scares to Keep in Mind This Halloween,"Halloween is just around the corner, and while you may be busy decorating your home and planning costumes, don’t forget to pay attention to your..."
https://callmedley.com/blog/indoor-air-quality-common-problems-and-solutions/,Indoor Air Quality: Common Problems And Solutions,Do you sometimes wonder if there’s a problem with your indoor air quality? Some indoor air quality problems are obvious but others are more subtle...
https://callmedley.com/blog/is-a-c-maintenance-right-for-you/,Is A/C Maintenance Right For You?,"Did you know that maintaining your air conditioner is good for the unit and can have benefits for you, too? It’s kind of like maintaining..."
https://callmedley.com/blog/is-duct-cleaning-worthwhile/,Air Duct Cleaning in Addison & Carrollton | Medley,"There’s a bit of controversy over whether it’s worth it to have your air ducts cleaned. Even the EPA, which admits that indoor air quality..."
https://callmedley.com/blog/is-your-hvac-system-ready-for-summer-in-texas/,Is Your HVAC System Ready For Summer In Texas?,"Summers in Texas can be extreme, especially in the western and central regions. However, that doesn’t mean you should miss those backyard barbecues..."
https://callmedley.com/blog/it-s-time-for-spring-cleaning/,It’s Time for Spring Cleaning!,"Spring is a great time to refresh, revive, and reorganize your home. Not only can this help you feel more energized when it comes to..."
https://callmedley.com/blog/lewisville-s-favorite-hvac-company/,Lewisville’s Favorite HVAC Company,"Even though it wasn’t formally incorporated until 1925, Lewisville, TX has a history that’s as long as Texas itself. These days, it’s one of the..."
https://callmedley.com/blog/lucky-medley-advice-don-t-rely-on-luck-to-mainta/,"Lucky Medley Heating, Air Conditioning & Plumbing ","Top-o-the-mornin’ to ya, Carrollton, TX! Is your HVAC system ready to switch from heating to cooling, and is your indoor air quality ready to filter..."
https://callmedley.com/blog/make-back-to-school-stress-free/,Make Back to School Stress-Free,"Summer is almost over, and it’s time to prepare for the back-to-school season. While parents are busy shopping for school supplies and clothes,..."
https://callmedley.com/blog/make-your-home-feel-like-spring/,Make Your Home Feel Like Spring!,"Winter is officially over, and what better way to welcome the new season than by refreshing your living space? With spring fully in bloom, it’s..."
https://callmedley.com/blog/medley-home-services-presents-fall-fun-in-flower/,"Medley Heating, Air Conditioning & Plumbing Home S","Happy Fall from Medley! As you know, Medley Home Services provides the best in HVAC Services (including the best indoor air quality solutions, and furnace..."
https://callmedley.com/blog/prep-your-home-for-football-watch-parties/,Prep Your Home for Football Watch Parties!,"Football season is here, and that means it’s time to gather your friends and family for watch parties. But before you invite everyone over, it’s..."
https://callmedley.com/blog/resolutions-within-reach-countdown-to-better-iaq/,Resolutions Within Reach: Countdown To Better IAQ ,"If you’re looking for a New Year’s Resolution you can truly keep, that will have a profound effect on how you live, raise a toast..."
https://callmedley.com/blog/save-and-be-smart-with-your-thermostat/,Save And Be Smart With Your Thermostat,"As winter turns to spring, many Carrollton homeowners and businesses might be getting a brief reprieve from home heating bills. But the warmer..."
https://callmedley.com/blog/school-famous-remember-their-names/,School Famous: Remember Their Names,"We drive a lot at Medley, visiting homes to take care of our clients’ HVAC needs, of course, or to pick up a round of..."
https://callmedley.com/blog/should-you-replace-your-ac-and-furnace-at-the-sa/,Should You Replace Your AC and Furnace at the Same,"When it comes to home comfort, your HVAC system plays a vital role. As the seasons change in Addison, TX, you may find yourself pondering..."
https://callmedley.com/blog/signs-that-it-s-time-to-upgrade-your-home-s-hvac/,Signs That It’s Time To Upgrade Your Home’s HVAC S,"Temperatures can be particularly unforgiving in Highland Village, Texas. To stay comfortable, you need a reliable air conditioning system throughout the season. However,..."
https://callmedley.com/blog/the-birth-of-cool-medley-celebrates-hvac-and-ame/,Celebrate July with Comfort | Medley Heating & Air,"Hey hey, Texas! It’s that time of year again. Sparklers, cookouts, sprinklers, and a cool, air-conditioned house. But, it wasn’t always that way...."
https://callmedley.com/blog/the-cat-and-dog-days-of-summer/,The Cat And Dog Days Of Summer,"Your Pets Want To Breathe Clean Air, Too! Hello Texas! We know that air pollution and pet dander aren’t good for humans. That’s why our..."
https://callmedley.com/blog/the-importance-of-changing-air-filters-tips-for/,The Importance of Changing Air Filters: Tips for B,"It’s easy to overlook the importance of changing your air filters regularly, but doing so can significantly improve the air quality in your home and..."
https://callmedley.com/blog/the-ultimate-guide-to-ac-tune-ups/,The Ultimate Guide to AC Tune-Ups | Medley Heating,"As the summer heat approaches, ensuring your air conditioning system is in top shape becomes a priority. Regular AC tune-ups not only maximize efficiency but..."
https://callmedley.com/blog/virtually-outside-in-carrollton-tx-medley-s-sugg/,"Virtually Outside In Carrollton, TX: Medley Heatin","You know Medley for many things: HVAC services, furnace tune-ups, duct cleaning, insulation, and IAQ (indoor air quality) solutions, but have you ever thought of..."
https://callmedley.com/blog/what-affects-your-indoor-air-quality-in-carrollt/,What Affects Your Indoor Air Quality In Carrollton,"Is your air conditioning making you sick? It’s a common question, especially when a runny nose or sinus headache kicks in at around the same..."
https://callmedley.com/blog/what-is-the-best-hvac-system-in-texas/,What Is The Best HVAC System In Texas?,"When you’re shopping for the best HVAC system for your Texas home or business, there are different factors you need to consider. Here’s your guide..."
https://callmedley.com/blog/what-kind-of-thermostat-is-right-for-my-home/,What Kind of Thermostat is Right for My Home?,Are you tired of constantly adjusting your thermostat to maintain a comfortable temperature in your home? It may be time to upgrade to a new...
https://callmedley.com/blog/what-size-ac-unit-do-i-need-in-texas/,What Size AC Unit Do I Need In Texas?,"They say everything’s bigger in Texas, and that’s definitely true of our summer heat. If you’re looking for a new air conditioner installation in the..."
https://callmedley.com/blog/what-temperature-should-i-set-my-thermostat-in-t/,What Temperature Should I Set My Thermostat In Tex,It’s one of the oldest questions in the world; what temperature should you set your thermostat at? There’s been a lot of research conducted by...
https://callmedley.com/blog/what-type-of-insulation-is-best-for-attics-in-te/,What Type Of Insulation Is Best For Attics In Texa,"Your attic does an excellent job creating a protective barrier for your home from heat, cold, and humidity. However, for the attic to do its..."
https://callmedley.com/blog/why-choose-american-standard-hvac-equipment-in-c/,Why Choose American Standard HVAC Equipment In Car,"When the time comes for a new furnace installation or a new air conditioner in The Colony, TX, the team at Medley Services knows that..."
https://callmedley.com/blog/why-is-my-air-conditioner-not-working/,Why Is My Air Conditioner Not Working?,"5 Tips From Texas. In Texas, having a fully functional air conditioner is not a luxury. It is a necessity. We depend on our air..."
https://callmedley.com/blog/why-isnt-my-furnace-working/,4 Common Furnace Problems & How to Fix Them | Medl,Your furnace is one of the most important pieces of equipment in your home. It keeps you warm and cozy all winter long! But what...
https://callmedley.com/blog/will-you-be-cold-or-comfortable-this-winter/,Will You Be Cold Or Comfortable This Winter?,Winter is coming… will you be warm and comfortable through it all? A properly running HVAC system can mean the difference between comfort and discomfort...
